,,,"Composite coverage index (%)","Composite coverage index (%)","Composite coverage index (%)","Composite coverage index (%)","Composite coverage index (%)","Composite coverage index (%)","Composite coverage index (%)","Composite coverage index (%)","Composite coverage index (%)","Composite coverage index (%)"
"Country","Year","Data Source","Decile 1 (poorest)","Decile 2","Decile 3","Decile 4","Decile 5","Decile 6","Decile 7","Decile 8","Decile 9","Decile 10 (richest)"
"Afghanistan","2015","DHS","36.6","41.9","43.7","43.2","41.7","44.9","48.9","56.2","57.7","63.6"
"Afghanistan","2010","MICS","No data","No data","No data","No data","No data","No data","No data","No data","No data","No data"
"Albania","2017","DHS","No data","No data","No data","No data","No data","No data","No data","No data","No data","No data"
"Albania","2008","DHS","60.2","55.9","61","66.8","63.3","69.2","60.4","69.8","64","79.7"
"Albania","2005","MICS","No data","No data","No data","No data","No data","No data","No data","No data","No data","No data"
"Albania","2002","RHS","No data","No data","No data","No data","No data","No data","No data","No data","No data","No data"
"Albania","2000","MICS","No data","No data","No data","No data","No data","No data","No data","No data","No data","No data"
"Algeria","2012","MICS","70.4","74.2","74","77.5","74.4","78.5","78.2","80.9","78.4","82.7"
"Algeria","2006","MICS","No data","No data","No data","No data","No data","No data","No data","No data","No data","No data"
"Algeria","2000","MICS","No data","No data","No data","No data","No data","No data","No data","No data","No data","No data"
"Angola","2015","DHS","22.5","22.6","27.1","37.2","44.1","49.5","59.4","62.1","68.3","74.5"
"Angola","1996","MICS","No data","No data","No data","No data","No data","No data","No data","No data","No data","No data"
"Argentina","2011","MICS","No data","No data","No data","No data","No data","No data","No data","No data","No data","No data"
"Armenia","2015","DHS","63.5","72.8","63.6","73.5","68.5","78.6","68.6","77.8","84.4","No data"
"Armenia","2010","DHS","69.6","65.5","62.1","60.2","64.1","72.2","74.8","68.9","75.6","71.4"
"Armenia","2005","DHS","44.6","52.1","46.6","57.9","53.7","63.8","51.4","60.2","55.5","72.1"
"Armenia","2000","DHS","45","50.5","50","60.7","55.5","58.1","61.9","60.7","55.4","60.2"
"Azerbaijan","2006","DHS","34.2","40.1","41.1","44.4","46.9","55.3","40.1","52.3","55.3","57.2"
"Azerbaijan","2000","MICS","No data","No data","No data","No data","No data","No data","No data","No data","No data","No data"
"Bangladesh","2014","DHS","58.4","55","63.4","62.2","62.5","65.4","66.6","69","71.8","82"
"Bangladesh","2012","MICS","No data","No data","No data","No data","No data","No data","No data","No data","No data","No data"
"Bangladesh","2011","DHS","54.4","57.4","58.2","59.5","59.3","59.6","62.7","66.4","69.1","79.7"
"Bangladesh","2007","DHS","51.2","54","50.4","57.3","55.9","56.1","61.9","62.1","67.8","78.3"
"Bangladesh","2006","MICS","No data","No data","No data","No data","No data","No data","No data","No data","No data","No data"
"Bangladesh","2004","DHS","42.4","45","47.7","50.5","51.1","51.9","56.1","58","58.8","75.2"
"Bangladesh","1999","DHS","38.9","41.8","43.8","49","44.9","47.8","47.5","55.3","60.6","71.1"
"Bangladesh","1996","DHS","40.1","43.6","40.8","41.2","45.4","46.9","46.6","49.3","53.8","66.3"
"Bangladesh","1993","DHS","38.6","41.6","41","38.5","41.6","43.1","42.8","45.7","48.7","64.5"
"Barbados","2012","MICS","No data","No data","No data","No data","No data","No data","No data","No data","No data","No data"
"Belarus","2012","MICS","No data","No data","No data","No data","No data","No data","No data","No data","No data","No data"
"Belarus","2005","MICS","No data","No data","No data","No data","No data","No data","No data","No data","No data","No data"
"Belize","2015","MICS","70.3","71.5","80.2","73.8","77.8","81.2","83.2","71.7","77.5","82.9"
"Belize","2011","MICS","67.1","71.2","77","77","74.9","75.8","71.3","76.5","74.8","81.7"
"Belize","2006","MICS","No data","No data","No data","No data","No data","No data","No data","No data","No data","No data"
"Belize","1991","RHS","No data","No data","No data","No data","No data","No data","No data","No data","No data","No data"
"Benin","2017","DHS","34.6","41","42.3","49","47.3","50.8","54.2","53.9","59.6","64.5"
"Benin","2014","MICS","32","40.8","43.1","45.8","46.9","51.5","52","52.1","57.9","61"
"Benin","2011","DHS","39","38","46.4","47.7","52.4","54.8","55.1","57","59.3","63"
"Benin","2006","DHS","30.2","36.2","38.8","42.1","44.4","48.2","48.3","53.2","58.1","63.4"
"Benin","2001","DHS","35.5","37.7","39.2","40.2","46.6","49","50.2","55.5","59.2","62.7"
"Benin","1996","DHS","24.9","33.1","33.2","37.3","40.9","45.8","46.7","50.3","60.5","64.3"
"Bhutan","2010","MICS","No data","No data","No data","No data","No data","No data","No data","No data","No data","No data"
"Bolivia (Plurinational State of)","2008","DHS","46.5","52.3","55.6","60","63.1","64.5","66.1","71.5","72.1","75.6"
"Bolivia (Plurinational State of)","2003","DHS","38.2","42","49.5","49.1","50.5","56.2","60.3","66.2","66.5","78.7"
"Bolivia (Plurinational State of)","1998","DHS","24.3","30.9","35.6","41.8","43","49","56.8","63.3","67.4","75.3"
"Bolivia (Plurinational State of)","1994","DHS","17.7","21.4","28.9","30.3","34.1","41.9","44.8","55.1","67.3","72.1"
"Bosnia and Herzegovina","2011","MICS","57.2","66.6","65.8","66.7","65","66.2","68.7","70.3","67.4","77.6"
"Bosnia and Herzegovina","2006","MICS","No data","No data","No data","No data","No data","No data","No data","No data","No data","No data"
"Bosnia and Herzegovina","2000","MICS","No data","No data","No data","No data","No data","No data","No data","No data","No data","No data"
"Botswana","2000","MICS","No data","No data","No data","No data","No data","No data","No data","No data","No data","No data"
"Brazil","1996","DHS","55.7","66.3","73.9","75.7","77.9","83.3","80","78.7","79.9","79.7"
"Burkina Faso","2010","DHS","41.6","42.4","48.5","46.4","51.6","55.4","56.9","60.1","66.4","70.5"
"Burkina Faso","2006","MICS","No data","No data","No data","No data","No data","No data","No data","No data","No data","No data"
"Burkina Faso","2003","DHS","23.2","21.7","28.2","27.3","31.4","33.7","35","34.3","53.3","66.1"
"Burkina Faso","1998","DHS","16.4","19.9","22.1","23","19.4","22.9","31.5","23.4","40.6","60.6"
"Burkina Faso","1992","DHS","No data","No data","No data","No data","No data","No data","No data","No data","No data","No data"
"Burundi","2016","DHS","60","62.2","61.4","63","62.7","62.1","61","63.6","63.8","68.7"
"Burundi","2010","DHS","53.4","52.9","52.7","53.7","58.6","56.2","56.3","54.3","57.5","68"
"Burundi","2005","MICS","No data","No data","No data","No data","No data","No data","No data","No data","No data","No data"
"Burundi","2000","MICS","No data","No data","No data","No data","No data","No data","No data","No data","No data","No data"
"Cabo Verde","1998","RHS","No data","No data","No data","No data","No data","No data","No data","No data","No data","No data"
"Cambodia","2014","DHS","62.2","66","65.5","70.7","70.8","73.4","73.4","72.7","71","71.4"
"Cambodia","2010","DHS","53.2","60.3","58.4","67","66","70","65.6","67.5","68.4","70.9"
"Cambodia","2005","DHS","37.3","41","43.7","45.2","50","50","56.3","56.8","62","65.5"
"Cambodia","2000","DHS","23.7","25.9","25.8","31.7","32.6","36","38.3","40.3","52.1","62.4"
"Cameroon","2018","DHS","No data","No data","No data","No data","No data","No data","No data","No data","No data","No data"
"Cameroon","2014","MICS","30.4","30.1","40.3","48.4","54","57.5","63.2","63.1","67.4","71.1"
"Cameroon","2011","DHS","20.5","26.5","40","45.8","48.9","55.4","56.6","59.9","64.1","66.9"
"Cameroon","2006","MICS","No data","No data","No data","No data","No data","No data","No data","No data","No data","No data"
"Cameroon","2004","DHS","27.6","33.8","35.2","38.1","47.4","50.6","54.4","59.3","63.2","67.7"
"Cameroon","1998","DHS","25.3","23.8","31.1","25","35.5","46.7","49.1","54.2","56","60.1"
"Cameroon","1991","DHS","No data","No data","No data","No data","No data","No data","No data","No data","No data","No data"
"Central African Republic","2010","MICS","21.4","20.8","23.4","22.7","28.8","32.2","38.5","49.8","57.9","60.8"
"Central African Republic","2006","MICS","No data","No data","No data","No data","No data","No data","No data","No data","No data","No data"
"Central African Republic","2000","MICS","No data","No data","No data","No data","No data","No data","No data","No data","No data","No data"
"Central African Republic","1994","DHS","17.6","24.3","25.4","27.8","31","38.6","38.7","49.2","49.3","58.7"
"Chad","2014","DHS","20.3","21.4","24.8","24.7","25.5","24.6","25.1","27.4","41.7","49.4"
"Chad","2010","MICS","8.2","11.7","10.9","13.8","14.6","16","17.5","26.5","29.3","48.3"
"Chad","2004","DHS","2.5","6.5","11","9.3","9.8","16.1","15.1","17.1","25.5","45.1"
"Chad","2000","MICS","No data","No data","No data","No data","No data","No data","No data","No data","No data","No data"
"Chad","1996","DHS","7.2","9.6","11.2","14.3","9.5","13.9","20.2","23.4","33.2","43.9"
"Colombia","2015","DHS","No data","No data","No data","No data","No data","No data","No data","No data","No data","No data"
"Colombia","2010","DHS","69.5","75.6","79.8","80.7","81.5","81.8","82.2","81","83.3","83.7"
"Colombia","2005","DHS","58.3","72.9","74.8","75.3","77.2","75.8","78.2","81.1","77.9","78.5"
"Colombia","2000","DHS","49.6","61","65.9","69.6","74.2","78.2","78.7","78.4","77.2","No data"
"Colombia","1995","DHS","47.8","60.5","67.4","72.3","72.4","74","77.6","78.3","81.5","81.9"
"Comoros","2012","DHS","35.9","47.1","50.1","47.3","52.9","54.5","58.7","63.1","57.6","55.8"
"Comoros","2000","MICS","No data","No data","No data","No data","No data","No data","No data","No data","No data","No data"
"Comoros","1996","DHS","27.1","38.2","38.1","47.2","47.6","45.4","50","56.4","56.9","69.6"
"Congo","2014","MICS","36.6","46.8","51.1","55.7","61.4","63.3","65.5","64.4","70.7","64.5"
"Congo","2011","DHS","42.9","47.8","49.7","58","56.2","60.3","64.8","62","69.5","70.3"
"Congo","2005","DHS","38.2","40.4","41.3","54.5","50.4","56.2","57.1","60.7","60.6","66"
"Costa Rica","2011","MICS","81.5","84.9","88.2","82","78.1","81.4","88.1","85.1","87.6","75.6"
"Costa Rica","1992","RHS","No data","No data","No data","No data","No data","No data","No data","No data","No data","No data"
"Côte d'Ivoire","2016","MICS","35.8","39.5","42.3","41.3","43.3","52.4","55.6","65.4","65","62.4"
"Côte d'Ivoire","2011","DHS","27.5","31","36.4","40.5","39.3","44.2","51.7","54.7","55.3","63.7"
"Côte d'Ivoire","2006","MICS","No data","No data","No data","No data","No data","No data","No data","No data","No data","No data"
"Côte d'Ivoire","1998","DHS","19.4","26.9","36.8","35.3","30.2","36.8","44.2","53.6","60.3","67.2"
"Côte d'Ivoire","1994","DHS","13","17.2","20.8","28.7","27.4","31.4","41.4","41.3","44.2","61.9"
"Cuba","2014","MICS","No data","No data","No data","No data","No data","No data","No data","No data","No data","No data"
"Cuba","2010","MICS","No data","No data","No data","No data","No data","No data","No data","No data","No data","No data"
"Cuba","2006","MICS","No data","No data","No data","No data","No data","No data","No data","No data","No data","No data"
"Democratic Republic of the Congo","2013","DHS","35.8","40.3","43.2","41.2","44.6","46.7","52.1","51.7","55.4","64.7"
"Democratic Republic of the Congo","2010","MICS","35.2","35.8","40","40.8","39.6","42","45.4","50.7","54.2","58.9"
"Democratic Republic of the Congo","2007","DHS","32.1","32.5","40.7","34.3","36.7","41.1","43.2","49.5","54.4","60.6"
"Democratic Republic of the Congo","2001","MICS","No data","No data","No data","No data","No data","No data","No data","No data","No data","No data"
"Djibouti","2006","MICS","No data","No data","No data","No data","No data","No data","No data","No data","No data","No data"
"Dominican Republic","2014","MICS","72.1","76.4","77.6","78.8","79.8","81.2","76.7","80.5","82.9","81.1"
"Dominican Republic","2013","DHS","71.6","82.2","80.2","84.9","81.3","74.6","78.3","82.8","82.3","78.5"
"Dominican Republic","2007","DHS","72","76.7","79.6","78.7","77.9","79.4","78.8","80.1","79.1","82.4"
"Dominican Republic","2002","DHS","68.1","71.7","72.4","70.9","75.8","76.7","76.5","76.5","70.6","76.3"
"Dominican Republic","2000","MICS","No data","No data","No data","No data","No data","No data","No data","No data","No data","No data"
"Dominican Republic","1999","DHS","65.9","72","79.2","78.6","77.3","73.2","84.5","70.6","73.1","68.2"
"Dominican Republic","1996","DHS","54.8","64.6","63.1","70.3","68.4","70.1","72.5","70.1","73.2","74.1"
"Dominican Republic","1991","DHS","No data","No data","No data","No data","No data","No data","No data","No data","No data","No data"
"Ecuador","2004","RHS","No data","No data","No data","No data","No data","No data","No data","No data","No data","No data"
"Ecuador","1999","RHS","No data","No data","No data","No data","No data","No data","No data","No data","No data","No data"
"Ecuador","1994","RHS","No data","No data","No data","No data","No data","No data","No data","No data","No data","No data"
"Egypt","2014","DHS","72.3","75.2","75.4","76.6","79.6","81","80.7","80.3","79.7","80.7"
"Egypt","2008","DHS","67.5","70.1","72.2","75.4","75","76.7","80","80.3","81.2","84.7"
"Egypt","2005","DHS","62.6","68.4","69.6","71.6","73.4","74.6","76.5","78.4","78.7","82.1"
"Egypt","2000","DHS","55.7","62.3","63.4","66.8","68.6","70.6","73.3","76.5","76.1","80.6"
"Egypt","1995","DHS","44.8","49.7","53.2","55.4","61.2","64.9","66.8","71.2","75.5","81"
"Egypt","1992","DHS","No data","No data","No data","No data","No data","No data","No data","No data","No data","No data"
"El Salvador","2014","MICS","82.2","85.9","86.4","86.6","89.2","85.8","85.1","88.2","88.9","89.5"
"El Salvador","2008","RHS","No data","No data","No data","No data","No data","No data","No data","No data","No data","No data"
"El Salvador","2002","RHS","No data","No data","No data","No data","No data","No data","No data","No data","No data","No data"
"El Salvador","1998","RHS","No data","No data","No data","No data","No data","No data","No data","No data","No data","No data"
"El Salvador","1993","RHS","No data","No data","No data","No data","No data","No data","No data","No data","No data","No data"
"Equatorial Guinea","2000","MICS","No data","No data","No data","No data","No data","No data","No data","No data","No data","No data"
"Eritrea","2002","DHS","No data","No data","No data","No data","No data","No data","No data","No data","No data","No data"
"Eswatini","2014","MICS","78.3","82.7","84.5","82.8","80.7","86.1","84.6","81.8","81.8","89.1"
"Eswatini","2010","MICS","71.9","75","73.4","75","79.8","79.3","77.8","80.7","82.7","82.7"
"Eswatini","2006","DHS","67.7","70.8","70.7","78.9","78.7","79.8","82.2","80.9","84.6","78.7"
"Eswatini","2000","MICS","No data","No data","No data","No data","No data","No data","No data","No data","No data","No data"
"Ethiopia","2016","DHS","28.4","34.6","39.8","40.2","44.2","44.3","50.4","49.2","56.7","73.9"
"Ethiopia","2011","DHS","20.2","24.3","29.4","30","29.5","32","34.4","39.6","51.3","73.5"
"Ethiopia","2005","DHS","14.7","17.5","16.8","17.4","22.6","24.2","21.9","26","31.4","67.1"
"Ethiopia","2000","DHS","10.3","9.4","9.9","10","10.1","12.9","12.4","16.6","26.9","54.3"
"Gabon","2012","DHS","42.9","50.5","58.3","55.4","59.3","55","68.1","68","62.6","60.6"
"Gabon","2000","DHS","28.2","36.6","43.8","42.6","48.4","49.3","54.4","51.5","54.7","56"
"Gambia","2018","MICS","No data","No data","No data","No data","No data","No data","No data","No data","No data","No data"
"Gambia","2013","DHS","59.7","56.4","60.2","56.5","59.1","59.5","61.6","66.6","66.1","68.5"
"Gambia","2010","MICS","51.6","55.9","59.4","58.2","58.1","59.6","60.3","59.2","65.2","72"
"Gambia","2005","MICS","No data","No data","No data","No data","No data","No data","No data","No data","No data","No data"
"Gambia","2000","MICS","No data","No data","No data","No data","No data","No data","No data","No data","No data","No data"
"Georgia","2005","MICS","No data","No data","No data","No data","No data","No data","No data","No data","No data","No data"
"Ghana","2017","MICS","No data","No data","No data","No data","No data","No data","No data","No data","No data","No data"
"Ghana","2014","DHS","60.1","61.5","61.5","60.8","65.5","69.3","66.8","71.1","70.3","70.2"
"Ghana","2011","MICS","54.4","55.5","59.5","60.4","59.9","67","63.3","71","69.1","70.2"
"Ghana","2008","DHS","45.7","50.3","53.8","55.7","57.9","58.6","67.1","68.1","71.3","72"
"Ghana","2006","MICS","No data","No data","No data","No data","No data","No data","No data","No data","No data","No data"
"Ghana","2003","DHS","38.3","40.8","49.1","49.5","51.3","57.1","60","62.6","70.7","72.6"
"Ghana","1998","DHS","34.3","34.2","40.8","39.5","48.2","47.4","55","55.8","61.7","64.9"
"Ghana","1993","DHS","32.1","25.1","36.6","33.8","35.8","47.3","48.1","57.4","60.8","63.2"
"Guatemala","2014","DHS","56.1","61","62.8","65.4","69.3","72","74.5","77.4","78.6","82.8"
"Guatemala","2008","RHS","No data","No data","No data","No data","No data","No data","No data","No data","No data","No data"
"Guatemala","2002","RHS","No data","No data","No data","No data","No data","No data","No data","No data","No data","No data"
"Guatemala","1998","DHS","34.4","38.3","41.4","47.5","52","54.6","57.3","66.7","73.8","71.9"
"Guatemala","1995","DHS","28.7","37","35.2","40.5","45.4","51.2","54.6","62.6","75.7","71.9"
"Guinea","2018","DHS","No data","No data","No data","No data","No data","No data","No data","No data","No data","No data"
"Guinea","2016","MICS","No data","No data","No data","No data","No data","No data","No data","No data","No data","No data"
"Guinea","2012","DHS","24.1","27.2","30.6","34.5","36.1","41.3","41.3","53.9","59","64.5"
"Guinea","2005","DHS","24.6","26.4","29","30.7","34.5","41.2","45.3","48.7","56.3","59.5"
"Guinea","1999","DHS","24","23.2","25.2","24.6","31.9","38.9","44.4","51.6","55.4","62.4"
"Guinea-Bissau","2014","MICS","42.5","43.2","44.5","48.5","47.6","51.4","59.8","61","61.9","65.8"
"Guinea-Bissau","2010","MICS","No data","No data","No data","No data","No data","No data","No data","No data","No data","No data"
"Guinea-Bissau","2006","MICS","No data","No data","No data","No data","No data","No data","No data","No data","No data","No data"
"Guinea-Bissau","2000","MICS","No data","No data","No data","No data","No data","No data","No data","No data","No data","No data"
"Guyana","2014","MICS","68.8","70","74.9","70.2","74.2","69.5","No data","77.6","72.6","No data"
"Guyana","2009","DHS","62.3","71.1","66.2","75.8","77.7","79.7","65.3","74.8","69.3","67"
"Guyana","2006","MICS","No data","No data","No data","No data","No data","No data","No data","No data","No data","No data"
"Guyana","2000","MICS","No data","No data","No data","No data","No data","No data","No data","No data","No data","No data"
"Haiti","2016","DHS","36.4","39.5","42.2","45.7","48.2","54.9","57.2","59.5","63.5","67.7"
"Haiti","2012","DHS","45.2","41.6","44.6","48.6","53.3","56.2","56.5","60.3","65.3","62.2"
"Haiti","2005","DHS","25.7","34.5","34.3","36.6","43","48.2","47.7","49.2","54.2","64.8"
"Haiti","2000","DHS","24.6","28.9","29.7","31.7","37.4","40.2","40.6","43.7","48.6","62.6"
"Haiti","1994","DHS","18.3","17.5","21.5","24.1","29","34.2","40.5","44.1","48.8","55.9"
"Honduras","2011","DHS","71.5","76.8","78.1","79.5","81.2","81.5","82.3","81.8","84","82.6"
"Honduras","2005","DHS","61","63.7","68","70.2","74.3","77.2","78.4","79.4","79.8","82.5"
"Honduras","2001","RHS","No data","No data","No data","No data","No data","No data","No data","No data","No data","No data"
"Honduras","1996","RHS","No data","No data","No data","No data","No data","No data","No data","No data","No data","No data"
"Honduras","1991","RHS","No data","No data","No data","No data","No data","No data","No data","No data","No data","No data"
"India","2015","DHS","56.9","62.9","66.9","70.8","73.6","75.3","77.6","78.4","79.7","82.4"
"India","2005","DHS","36.7","41.3","45.7","48.7","54.7","59.3","64.1","68.6","73.1","81.4"
"India","1998","DHS","34.8","35","39","45","51.6","55.4","59.8","65.7","69.7","77.2"
"Indonesia","2017","DHS","65.8","73.3","75.8","79.3","77.4","78.4","78.3","80.8","75.8","76.6"
"Indonesia","2012","DHS","58.6","67.9","75","77.8","76","80.9","79","82.5","79.2","78.2"
"Indonesia","2007","DHS","52","62.9","68.5","70.1","73","74.7","78.4","78.1","77.3","80.1"
"Indonesia","2002","DHS","52.9","58.4","64.1","66.1","69.1","67.8","74.3","75.5","75","80.2"
"Indonesia","1997","DHS","52.6","58.6","62.6","65.4","68.6","70.1","71.2","76.9","79.5","82.4"
"Indonesia","1994","DHS","No data","No data","No data","No data","No data","No data","No data","No data","No data","No data"
"Iraq","2018","MICS","56.1","59","60.3","62.7","60","65.6","61.8","67.4","69.7","67"
"Iraq","2011","MICS","52.2","59.8","62","64","65.3","64.6","67.4","70","68.5","70.6"
"Iraq","2006","MICS","No data","No data","No data","No data","No data","No data","No data","No data","No data","No data"
"Iraq","2000","MICS","No data","No data","No data","No data","No data","No data","No data","No data","No data","No data"
"Jamaica","2011","MICS","No data","No data","No data","No data","No data","No data","No data","No data","No data","No data"
"Jamaica","2005","MICS","No data","No data","No data","No data","No data","No data","No data","No data","No data","No data"
"Jordan","2017","DHS","69.6","69.7","71.3","73.6","75.6","71.9","70.1","74.8","78.7","83.6"
"Jordan","2012","DHS","71.7","74.3","73.5","75.3","75.6","76.5","75","75.3","75.9","73.7"
"Jordan","2007","DHS","70.3","69.5","73.3","72.6","74.8","76.2","74.5","75.8","76.7","81.4"
"Jordan","2002","DHS","63.8","68","67.2","69.4","71","69.8","68.3","73.3","71.3","69.7"
"Jordan","1997","DHS","62.3","66.1","66.7","68.2","68.1","66.9","68.7","70.2","69.8","69.2"
"Kazakhstan","2015","MICS","No data","No data","No data","No data","No data","No data","No data","No data","No data","No data"
"Kazakhstan","2010","MICS","85","82.2","86.2","88.8","84.1","83.9","82.9","89.3","83.4","89.2"
"Kazakhstan","2006","MICS","No data","No data","No data","No data","No data","No data","No data","No data","No data","No data"
"Kazakhstan","1999","DHS","63.1","66.8","71.3","66.6","72.6","72.5","62.3","80","No data","69.7"
"Kazakhstan","1995","DHS","64.7","59.5","71.3","62","56.4","62.9","61.8","60.9","66.2","68.6"
"Kenya","2014","DHS","50.2","61.9","66","68.5","71.1","71.8","74.2","78","79.9","79.7"
"Kenya","2008","DHS","43.8","49","49.2","56","59.3","63.2","62.8","65.2","64.4","75.5"
"Kenya","2003","DHS","35.6","38.3","41.8","51.7","49.4","57.6","61.2","59.4","60.6","75.2"
"Kenya","2000","MICS","No data","No data","No data","No data","No data","No data","No data","No data","No data","No data"
"Kenya","1998","DHS","42.4","47.1","48.2","57.2","57.8","61.8","61.2","64.7","71.5","74"
"Kenya","1993","DHS","39.7","44.9","51.5","52.1","51.9","55.7","62.3","64.2","66.7","69.4"
"Kyrgyzstan","2018","MICS","No data","73.6","74.5","79.9","74.1","82.1","78","74.7","80.9","71.7"
"Kyrgyzstan","2014","MICS","75.8","75.7","74.4","75.5","79","74.5","78.4","74.7","No data","82.2"
"Kyrgyzstan","2012","DHS","74","68.7","69.1","70.3","72.4","66.9","62.2","69.8","77.1","73.3"
"Kyrgyzstan","2005","MICS","No data","No data","No data","No data","No data","No data","No data","No data","No data","No data"
"Kyrgyzstan","1997","DHS","75.8","65.7","73.6","74.1","65.6","76.4","71.9","69.5","76.1","81.2"
"Lao People's Democratic Republic","2017","MICS","42.6","54.9","55.7","62.9","66","67.2","74.5","79.5","76.4","78.1"
"Lao People's Democratic Republic","2011","MICS","37.9","39.3","44.2","50.1","59.3","62.4","65.8","70.7","78.3","78.2"
"Lao People's Democratic Republic","2006","MICS","No data","No data","No data","No data","No data","No data","No data","No data","No data","No data"
"Lao People's Democratic Republic","2000","MICS","No data","No data","No data","No data","No data","No data","No data","No data","No data","No data"
"Lesotho","2018","MICS","No data","No data","No data","No data","No data","No data","No data","No data","No data","No data"
"Lesotho","2014","DHS","70","70.9","69.5","74.4","76.3","78.5","75.1","76.9","78.9","83.5"
"Lesotho","2009","DHS","53.5","56.5","63","64.2","69.7","67","73.5","75.4","73.2","81.4"
"Lesotho","2004","DHS","47.5","51.8","53.6","56.7","60.7","67.1","68.3","70.7","71","78.7"
"Lesotho","2000","MICS","No data","No data","No data","No data","No data","No data","No data","No data","No data","No data"
"Liberia","2013","DHS","47","54.9","58.3","60.4","58.1","70","61.8","67.8","61.3","69.2"
"Liberia","2007","DHS","36.1","36.2","38.3","38.6","51.5","54.1","58.1","60.3","67.8","67.4"
"Madagascar","2018","MICS","No data","No data","No data","No data","No data","No data","No data","No data","No data","No data"
"Madagascar","2008","DHS","32.4","40.5","40.5","45.5","49.2","50.7","55.9","59.8","68.3","68.2"
"Madagascar","2003","DHS","29.2","26.5","36.3","38.3","34.3","41.6","48.1","57.1","61.3","65.3"
"Madagascar","1997","DHS","22.8","26.4","24.9","32.7","29.7","33.9","42.8","47.6","59.3","66.5"
"Madagascar","1992","DHS","No data","No data","No data","No data","No data","No data","No data","No data","No data","No data"
"Malawi","2015","DHS","73.7","76.5","75.8","76.7","76.5","76.9","77.7","79.5","76.4","81.1"
"Malawi","2013","MICS","70.3","72.1","74.3","75.3","75.9","75.4","76.2","76.1","78.5","81.6"
"Malawi","2010","DHS","63.5","66.3","67.7","69.4","69.8","70.4","71.4","73.1","74.5","77.4"
"Malawi","2006","MICS","No data","No data","No data","No data","No data","No data","No data","No data","No data","No data"
"Malawi","2004","DHS","45.1","54.1","53.7","56","55.2","57.5","62.5","62.3","68.4","73"
"Malawi","2000","DHS","49.7","48.2","51.6","54.5","53.7","52.4","56.4","60.7","67.5","71.4"
"Malawi","1992","DHS","No data","No data","No data","No data","No data","No data","No data","No data","No data","No data"
"Maldives","2016","DHS","72.3","72.7","70.3","65.5","74.5","72.9","71.1","68.5","75","74.1"
"Maldives","2009","DHS","75.7","76.3","75.6","76.6","72.3","72.9","73.3","78.6","73.5","64"
"Mali","2018","DHS","No data","No data","No data","No data","No data","No data","No data","No data","No data","No data"
"Mali","2015","MICS","18.4","26.7","29.8","36.3","35.7","38","42.1","46.7","55.7","64.5"
"Mali","2012","DHS","29.9","30.1","35.2","40.3","37.4","40","51.4","60.8","60.8","69"
"Mali","2009","MICS","25.8","27.2","31.8","33.8","34","35","43.1","50.7","59.2","62.1"
"Mali","2006","DHS","31","31.1","33","32.1","35.1","32","37.2","44.2","49.6","63.3"
"Mali","2001","DHS","17.7","19.1","21","18.5","18.9","21.9","28.2","36.9","52.3","62.9"
"Mali","1995","DHS","12.7","15.6","19.3","21.3","23.6","25.8","28.3","37.1","47.5","63.6"
"Mauritania","2015","MICS","30.5","32.3","35.7","43.2","47.1","54.2","59.6","61.9","65.7","69.7"
"Mauritania","2011","MICS","26.6","30.1","34.7","40.8","49.2","46.3","54.4","60","56.8","63.8"
"Mauritania","2007","MICS","No data","No data","No data","No data","No data","No data","No data","No data","No data","No data"
"Mauritania","2000","DHS","No data","No data","No data","No data","No data","No data","No data","No data","No data","No data"
"Mexico","2015","MICS","77.1","81.4","79","79.6","77.2","81","87.6","83.9","85.9","86.1"
"Mongolia","2018","MICS","No data","No data","No data","No data","No data","No data","No data","No data","No data","No data"
"Mongolia","2013","MICS","80","75.2","78.8","80.7","83.6","81.9","80.3","83.7","81.1","81.1"
"Mongolia","2010","MICS","75.3","78.1","82","81.2","85.2","81.4","74.6","76.2","81.8","83"
"Mongolia","2005","MICS","No data","No data","No data","No data","No data","No data","No data","No data","No data","No data"
"Mongolia","2000","MICS","No data","No data","No data","No data","No data","No data","No data","No data","No data","No data"
"Montenegro","2013","MICS","48.1","64","66.5","73.3","No data","75.8","59","No data","71.4","66.5"
"Montenegro","2005","MICS","No data","No data","No data","No data","No data","No data","No data","No data","No data","No data"
"Morocco","2003","DHS","46.1","50.6","55.3","57.7","60.9","64.8","66.6","68.9","71.3","73.1"
"Morocco","1992","DHS","No data","No data","No data","No data","No data","No data","No data","No data","No data","No data"
"Mozambique","2015","DHS","45.9","53.4","49.4","56.7","60.6","61.5","72.5","73.4","74.1","75"
"Mozambique","2011","DHS","37.8","43.1","45.3","44","52.5","54.8","61","63.5","68.6","75.7"
"Mozambique","2008","MICS","No data","No data","No data","No data","No data","No data","No data","No data","No data","No data"
"Mozambique","2003","DHS","33.3","38.4","40.7","43.9","49.7","50","57.8","65.9","71.1","78.1"
"Mozambique","1997","DHS","21.5","20.4","28","36.8","26.6","45","49.1","56.4","60.9","71.6"
"Myanmar","2015","DHS","52.7","61.5","62.4","62.6","64.8","72.2","74.2","79.1","82.1","85.3"
"Myanmar","2000","MICS","No data","No data","No data","No data","No data","No data","No data","No data","No data","No data"
"Namibia","2013","DHS","66.1","74.4","77","75.7","78.3","77.5","78.6","78.8","77.5","85.6"
"Namibia","2006","DHS","59.8","62.4","70.5","75","73.4","75.3","83","79.8","83.9","88.6"
"Namibia","2000","DHS","56.3","59.4","65","59","62.1","69.5","68.1","77.3","81","82.5"
"Namibia","1992","DHS","No data","No data","No data","No data","No data","No data","No data","No data","No data","No data"
"Nepal","2016","DHS","59.9","60.1","60.1","65.2","62.8","66.4","65.3","71.9","69.5","69.9"
"Nepal","2014","MICS","57.7","59.8","62.4","64.4","62.9","65.9","71","70.9","76.5","82.7"
"Nepal","2011","DHS","46.5","51.8","54.3","57.1","56.1","61.7","67.3","67.4","75.6","74.2"
"Nepal","2010","MICS","45.9","52.7","53.1","59.8","59.1","61.7","70.2","75.6","66.4","82.2"
"Nepal","2006","DHS","36.4","44.1","49.5","49","53.4","55.5","58.3","58.4","65.3","71.2"
"Nepal","2001","DHS","32.9","33.9","36.7","36.8","39.5","42.9","46.9","47.1","57.1","66.7"
"Nepal","1996","DHS","22.7","25.7","27.5","32","33.8","32","32.6","37.9","45.4","62.8"
"Nicaragua","2006","RHS","No data","No data","No data","No data","No data","No data","No data","No data","No data","No data"
"Nicaragua","2001","DHS","58","68.6","73.2","76.6","78.4","79.3","78.9","80.2","83.9","80.1"
"Nicaragua","1997","DHS","49.5","63.9","68.2","71.4","73.9","74.2","81.3","78.7","81.5","79.3"
"Nicaragua","1992","RHS","No data","No data","No data","No data","No data","No data","No data","No data","No data","No data"
"Niger","2012","DHS","29.8","34.2","41.7","39","38","44.3","41.9","52","57.2","69.7"
"Niger","2006","DHS","18.2","21.2","20.8","24.9","19.9","22.5","25.1","30.8","43.7","59.1"
"Niger","2000","MICS","No data","No data","No data","No data","No data","No data","No data","No data","No data","No data"
"Niger","1998","DHS","10.8","10.4","13.6","13.2","12.4","13.8","17.2","26.8","44","61.1"
"Niger","1992","DHS","No data","No data","No data","No data","No data","No data","No data","No data","No data","No data"
"Nigeria","2018","DHS","No data","No data","No data","No data","No data","No data","No data","No data","No data","No data"
"Nigeria","2016","MICS","14","17.5","22.3","28.6","30.6","37","45.4","51.2","58.4","63.1"
"Nigeria","2013","DHS","9.3","16.2","20","28.3","36.2","43.7","47.3","55","65.3","69.7"
"Nigeria","2011","MICS","15.8","18.6","26.1","32.6","39.4","48.4","51.9","58.2","65.5","75.4"
"Nigeria","2008","DHS","12.6","15.5","20.8","24.8","32.7","39.7","46.7","52.9","60.7","69.6"
"Nigeria","2003","DHS","13","17.5","17.5","19","26.5","27.6","31.7","41.6","55.5","68"
"Nigeria","1999","DHS","No data","No data","No data","No data","No data","No data","No data","No data","No data","No data"
"Pakistan","2017","DHS","46.5","46.4","55.6","56","63.3","63.4","68.2","71.6","71.7","77.2"
"Pakistan","2012","DHS","32.5","38.4","44","49.5","49.7","55.9","60","63.9","69.1","74"
"Pakistan","2006","DHS","30.5","35.6","34.9","45.4","45.3","51.6","54.2","61","64.2","70"
"Panama","2013","MICS","58.7","73.6","82.2","85.9","80.2","80.6","87.1","90.4","87.9","85.3"
"Paraguay","2016","MICS","76.3","81.6","79.7","83.4","85.2","80.9","83.7","81.2","82.6","83"
"Paraguay","2008","RHS","No data","No data","No data","No data","No data","No data","No data","No data","No data","No data"
"Paraguay","2004","RHS","No data","No data","No data","No data","No data","No data","No data","No data","No data","No data"
"Paraguay","1998","RHS","No data","No data","No data","No data","No data","No data","No data","No data","No data","No data"
"Paraguay","1995","RHS","No data","No data","No data","No data","No data","No data","No data","No data","No data","No data"
"Peru","2018","DHS","65.3","70.1","70.7","69.8","73","74.1","72.8","74.7","74.8","74.7"
"Peru","2017","DHS","60.2","68.4","71","70.2","72","73.5","74.9","76","76.1","75.1"
"Peru","2016","DHS","62","69.2","74.5","73.8","74.5","75.9","78.1","79.9","80.2","81.5"
"Peru","2015","DHS","62.4","68.8","71.5","71.3","74.7","76.8","75.4","79.7","78.5","82.6"
"Peru","2014","DHS","60.6","67.2","69.4","71.5","72.4","73.2","73.5","75.9","76.9","79.8"
"Peru","2013","DHS","59.3","66.2","69.2","71.8","76.1","73.7","75.3","77.4","74.7","81.7"
"Peru","2012","DHS","60.6","66.6","70.3","72.2","71.3","78.7","74.8","79.3","75.8","82"
"Peru","2011","DHS","57.8","65.5","67.4","73.4","72","76","76.7","78","78","86.3"
"Peru","2010","DHS","57","65.7","65","70.1","71.8","75.2","72.5","77.2","73.3","81.7"
"Peru","2009","DHS","55.3","65.1","65.9","69.7","71.7","70.9","74.5","76.1","77","82.1"
"Peru","2008","DHS","58.4","62.9","64","69.9","71","74.4","74.6","71.7","86.1","82.8"
"Peru","2007","DHS","55.4","63.4","65","67.1","67.1","69.5","76.1","70.4","78.7","81.9"
"Peru","2006","DHS","55.9","58.8","60.7","65.5","69.5","74.6","79.1","76.7","82.9","80.5"
"Peru","2005","DHS","54.5","56.3","63.3","65.9","70.1","69.6","77.6","77","75.2","86.4"
"Peru","2004","DHS","51.2","57","63.3","67.3","70.9","76.6","76.9","74.4","73.7","87.4"
"Peru","2000","DHS","46.2","51.9","54.5","60.8","67","71","74.2","72.2","77.1","79.6"
"Peru","1996","DHS","35.6","42.3","49.5","57.1","60.9","62.3","66.9","71.7","69.4","71.9"
"Peru","1991","DHS","No data","No data","No data","No data","No data","No data","No data","No data","No data","No data"
"Philippines","2017","DHS","59.8","66.3","71.4","70.3","72.9","76.1","73.6","75","69.4","80"
"Philippines","2013","DHS","53.1","65.3","65.4","69.6","71.2","76.4","74.2","74.6","75.6","75.5"
"Philippines","2008","DHS","44.5","53.7","60.3","62.3","68.2","66.6","71.6","73.9","73.5","73.4"
"Philippines","2003","DHS","41.5","51.1","58.2","57.7","65.9","66.8","68.9","71","73.7","76.7"
"Philippines","1998","DHS","42.5","45.8","51.2","56","63.5","68.2","66.9","71.3","68.8","72.8"
"Philippines","1993","DHS","36.1","43.2","48.7","51.4","55.6","58.2","61.7","60.6","65.6","69.6"
"Qatar","2012","MICS","No data","No data","No data","No data","No data","No data","No data","No data","No data","No data"
"Republic of Moldova","2012","MICS","67.1","83.2","79","80.6","79.4","78.9","82.7","81.6","78","77.7"
"Republic of Moldova","2005","DHS","71.2","61.5","68.3","67.9","75.1","78.9","70.2","74","75.8","76.9"
"Republic of Moldova","1997","RHS","No data","No data","No data","No data","No data","No data","No data","No data","No data","No data"
"North Macedonia","2011","MICS","65.6","76.3","59.2","73.6","76","73","77.8","77.7","73.1","70.4"
"North Macedonia","2005","MICS","No data","No data","No data","No data","No data","No data","No data","No data","No data","No data"
"Rwanda","2014","DHS","62.1","65.5","66.5","69.3","68.7","68.7","68.1","69.8","70","72.9"
"Rwanda","2010","DHS","56.4","60.4","61.3","61.3","61.7","66.2","66.3","63.6","73.4","69.8"
"Rwanda","2005","DHS","34.3","32.9","35.3","34.9","33.5","36.8","36.3","39.5","43.5","54.6"
"Rwanda","2000","DHS","27.8","29.3","No data","29.7","28.5","32.7","35.3","31.9","38.9","50.3"
"Rwanda","1992","DHS","No data","No data","No data","No data","No data","No data","No data","No data","No data","No data"
"Saint Lucia","2012","MICS","No data","No data","No data","No data","No data","No data","No data","No data","No data","No data"
"Sao Tome and Principe","2014","MICS","67.4","69.6","72.8","72.4","74.9","78.6","76.9","72.8","72.2","78.3"
"Sao Tome and Principe","2008","DHS","66.4","67.2","64","62.8","67.2","67.4","73.9","63.8","72.1","79.9"
"Sao Tome and Principe","2000","MICS","No data","No data","No data","No data","No data","No data","No data","No data","No data","No data"
"Senegal","2017","DHS","44.5","50.4","55.7","55.6","60.5","68.2","68.8","69.9","73.8","78.3"
"Senegal","2016","DHS","40.8","46.8","49.3","55.1","59","60.7","58.4","64.6","70.5","70.9"
"Senegal","2015","DHS","41.1","46.2","47.8","55.4","56.3","58.1","56.6","64.7","64.2","73.2"
"Senegal","2014","DHS","42.3","46.9","45","52.9","55.7","52.8","63.3","59","59.4","65.3"
"Senegal","2012","DHS","31.7","39.1","43.6","45.5","48","54","58.4","62.3","63.4","69.1"
"Senegal","2010","DHS","34","39.9","43","47","49.8","57.7","53.2","59.6","64.7","69.3"
"Senegal","2005","DHS","32","34.1","35.7","37.3","41.4","46.8","51","55.6","58.6","64.7"
"Senegal","2000","MICS","No data","No data","No data","No data","No data","No data","No data","No data","No data","No data"
"Senegal","1997","DHS","No data","No data","No data","No data","No data","No data","No data","No data","No data","No data"
"Senegal","1992","DHS","No data","No data","No data","No data","No data","No data","No data","No data","No data","No data"
"Serbia","2014","MICS","No data","No data","No data","No data","No data","No data","No data","No data","No data","No data"
"Serbia","2005","MICS","No data","No data","No data","No data","No data","No data","No data","No data","No data","No data"
"Sierra Leone","2017","MICS","64.9","68.4","68.3","67.2","69.5","71.8","74.5","75.6","74.8","80"
"Sierra Leone","2013","DHS","61.7","64.2","61.7","64.1","63.6","66.4","67.1","70.8","69.7","76.5"
"Sierra Leone","2010","MICS","55","58.3","57.5","58.4","58.5","63.7","65.4","67.6","68","72.3"
"Sierra Leone","2008","DHS","37.1","39.1","44","43.4","44.8","45.5","51.8","47.6","54.8","69.2"
"Sierra Leone","2005","MICS","No data","No data","No data","No data","No data","No data","No data","No data","No data","No data"
"Sierra Leone","2000","MICS","No data","No data","No data","No data","No data","No data","No data","No data","No data","No data"
"Somalia","2006","MICS","No data","No data","No data","No data","No data","No data","No data","No data","No data","No data"
"South Africa","2016","DHS","73.3","75.8","70.8","68.2","75.7","76.3","79.9","77.7","73.9","81.3"
"South Africa","2003","DHS","No data","No data","No data","No data","No data","No data","No data","No data","No data","No data"
"South Africa","1998","DHS","60.8","69.3","71.1","75","75.2","79","78.2","81.4","82.4","82.5"
"South Sudan","2010","MICS","No data","No data","No data","No data","No data","No data","No data","No data","No data","No data"
"Sudan","2014","MICS","31.6","34.7","40.5","47.3","53.1","56.9","60.4","62.5","66.2","72.2"
"Sudan","2010","MICS","28.9","33.3","35.7","41.2","44.4","49.8","55.6","61.2","62.1","67.2"
"Suriname","2018","MICS","No data","No data","No data","No data","No data","No data","No data","No data","No data","No data"
"Suriname","2010","MICS","No data","No data","No data","No data","No data","No data","No data","No data","No data","No data"
"Suriname","2006","MICS","No data","No data","No data","No data","No data","No data","No data","No data","No data","No data"
"Suriname","1999","MICS","No data","No data","No data","No data","No data","No data","No data","No data","No data","No data"
"Syrian Arab Republic","2006","MICS","No data","No data","No data","No data","No data","No data","No data","No data","No data","No data"
"Tajikistan","2017","DHS","62.6","69.3","69","71","69.6","76.2","72.8","78.3","77.2","73.9"
"Tajikistan","2012","DHS","66.4","65.9","64","68.5","70.9","77.8","68.8","72.3","75","71.5"
"Tajikistan","2005","MICS","No data","No data","No data","No data","No data","No data","No data","No data","No data","No data"
"Thailand","2015","MICS","90.4","80.8","84.2","90.9","87.9","93.7","91.5","92.1","84.6","91.2"
"Thailand","2005","MICS","No data","No data","No data","No data","No data","No data","No data","No data","No data","No data"
"Timor-Leste","2016","DHS","49.4","55.9","54.6","56.2","60.1","62.9","67","70.7","74.8","74.5"
"Timor-Leste","2009","DHS","40","48.3","48.1","52.2","53.2","57.8","58.1","63.5","64.9","70.2"
"Togo","2017","MICS","No data","No data","No data","No data","No data","No data","No data","No data","No data","No data"
"Togo","2013","DHS","47.8","44.3","47.7","45","43.1","51.3","55.1","57.9","62.3","71.4"
"Togo","2010","MICS","29","36.7","36.3","42.5","42.3","47.8","50.5","54.3","60.3","66"
"Togo","2006","MICS","No data","No data","No data","No data","No data","No data","No data","No data","No data","No data"
"Togo","1998","DHS","22","21.7","26.1","28.5","31.4","35.6","38.6","41.9","50.6","58.4"
"Trinidad and Tobago","2011","MICS","No data","No data","No data","No data","No data","No data","No data","No data","No data","No data"
"Trinidad and Tobago","2006","MICS","No data","No data","No data","No data","No data","No data","No data","No data","No data","No data"
"Trinidad and Tobago","2000","MICS","No data","No data","No data","No data","No data","No data","No data","No data","No data","No data"
"Tunisia","2018","MICS","72.4","79.6","78.7","77.8","78.2","75.8","78.9","81","81.3","82.6"
"Tunisia","2011","MICS","73.2","82.1","81.9","82","82.2","78.4","82.9","83.2","85.9","82.3"
"Turkey","2013","DHS","No data","No data","No data","No data","No data","No data","No data","No data","No data","No data"
"Turkey","2008","DHS","No data","No data","No data","No data","No data","No data","No data","No data","No data","No data"
"Turkey","2003","DHS","No data","No data","No data","No data","No data","No data","No data","No data","No data","No data"
"Turkey","1998","DHS","No data","No data","No data","No data","No data","No data","No data","No data","No data","No data"
"Turkey","1993","DHS","31.2","37.3","45.1","48.2","53.9","55.3","65.1","62.5","66.2","70.5"
"Turkmenistan","2015","MICS","No data","83.1","86.2","80","79.6","No data","No data","77.1","78.1","80"
"Turkmenistan","2006","MICS","No data","No data","No data","No data","No data","No data","No data","No data","No data","No data"
"Uganda","2016","DHS","58.8","59","62","62.1","64.4","65.5","65.6","70.2","71.4","72.2"
"Uganda","2011","DHS","49.6","53.1","53.4","56.1","55.7","56.1","58.9","62.6","64.8","72.5"
"Uganda","2006","DHS","45.4","47.2","43.4","46","46.9","45.7","49.4","54.3","60","66.3"
"Uganda","2000","DHS","32.6","31.8","35","39.3","38.1","39.3","44.4","47.4","55.1","70.1"
"Uganda","1995","DHS","34.5","35","36.9","42.1","42.2","42.4","47.1","46.7","57.7","69.7"
"Ukraine","2012","MICS","75.2","77.6","78.7","80.4","80.2","83.3","80.2","78.4","80.9","75.4"
"Ukraine","2007","DHS","No data","No data","No data","No data","No data","No data","No data","No data","No data","No data"
"Ukraine","2005","MICS","No data","No data","No data","No data","No data","No data","No data","No data","No data","No data"
"Ukraine","2000","MICS","No data","No data","No data","No data","No data","No data","No data","No data","No data","No data"
"Ukraine","1999","RHS","No data","No data","No data","No data","No data","No data","No data","No data","No data","No data"
"United Republic of Tanzania","2015","DHS","47","52.7","57.1","55.8","61.5","59.9","64","69","69.9","70.4"
"United Republic of Tanzania","2010","DHS","49.7","53.1","55.2","54.6","55","56.2","63.3","64.6","71.8","74.1"
"United Republic of Tanzania","2004","DHS","47.6","49.5","54.2","55.1","55.7","57.6","58.1","63.1","71","76.2"
"United Republic of Tanzania","1999","DHS","No data","No data","No data","No data","No data","No data","No data","No data","No data","No data"
"United Republic of Tanzania","1996","DHS","40.7","50.2","55.3","58.1","53.4","59.1","60","62.5","70.7","78.4"
"United Republic of Tanzania","1991","DHS","No data","No data","No data","No data","No data","No data","No data","No data","No data","No data"
"Uruguay","2012","MICS","No data","No data","No data","No data","No data","No data","No data","No data","No data","No data"
"Uzbekistan","2006","MICS","No data","No data","No data","No data","No data","No data","No data","No data","No data","No data"
"Uzbekistan","1996","DHS","No data","76.6","No data","82.7","79","78.3","79","No data","81.1","76.6"
"Vanuatu","2007","MICS","No data","No data","No data","No data","No data","No data","No data","No data","No data","No data"
"Viet Nam","2013","MICS","62","78.4","82","80.6","82.3","82","81.6","84.4","80.2","85"
"Viet Nam","2010","MICS","58.1","70.8","73.8","70.7","78.5","78.9","78.1","73.8","80.2","82"
"Viet Nam","2006","MICS","No data","No data","No data","No data","No data","No data","No data","No data","No data","No data"
"Viet Nam","2002","DHS","51.9","60.2","62","63.7","71.1","62.9","71.9","70.9","79.7","76.4"
"Viet Nam","2000","MICS","No data","No data","No data","No data","No data","No data","No data","No data","No data","No data"
"Viet Nam","1997","DHS","44.7","53.8","60.8","58.6","57.9","66.4","69.2","68.3","72","79.6"
"Yemen","2013","DHS","23.3","28.8","31.5","36.2","39.8","44.3","47.6","52","58.1","63.3"
"Yemen","2006","MICS","No data","No data","No data","No data","No data","No data","No data","No data","No data","No data"
"Yemen","1997","DHS","No data","No data","No data","No data","No data","No data","No data","No data","No data","No data"
"Yemen","1991","DHS","No data","No data","No data","No data","No data","No data","No data","No data","No data","No data"
"Zambia","2018","DHS","No data","No data","No data","No data","No data","No data","No data","No data","No data","No data"
"Zambia","2013","DHS","61.3","61","64.6","66","69.2","66.9","75.7","76.4","79.9","82.7"
"Zambia","2007","DHS","53.5","57.2","51","54.9","54.7","54.5","66","70.1","70.8","76.5"
"Zambia","2001","DHS","45.8","51.5","49.6","52.8","53.2","57.5","63.8","73.8","74.6","80.3"
"Zambia","1999","MICS","No data","No data","No data","No data","No data","No data","No data","No data","No data","No data"
"Zambia","1996","DHS","48.7","47.4","50.9","55.3","52.3","59.2","62.8","67","74.4","79.1"
"Zambia","1992","DHS","No data","No data","No data","No data","No data","No data","No data","No data","No data","No data"
"Zimbabwe","2019","MICS","No data","No data","No data","No data","No data","No data","No data","No data","No data","No data"
"Zimbabwe","2015","DHS","66.6","66.2","67.9","69.1","76","76","73.1","79.7","80.5","83"
"Zimbabwe","2014","MICS","70.6","71.3","72.4","74.5","76.1","76.2","78.8","77.9","80.9","82.9"
"Zimbabwe","2010","DHS","57.6","59.2","60.6","57.4","59.6","66.3","65.4","69.4","67.3","73.6"
"Zimbabwe","2009","MICS","No data","No data","No data","No data","No data","No data","No data","No data","No data","No data"
"Zimbabwe","2005","DHS","45.9","46.2","52.5","57.2","56.9","60.2","60.9","63","69.3","72.3"
"Zimbabwe","1999","DHS","No data","No data","No data","No data","No data","No data","No data","No data","No data","No data"
"Zimbabwe","1994","DHS","62.5","64.5","66.6","69","70.8","70.3","76.2","80.5","84.7","83.3"
